# case	seconds on the e2e VMs (both hosts, setup + two applies + verify); balances the shards
01-file	2
02-copy	2
03-template	2
04-lineinfile	3
05-apt	18
06-user-group	2
07-service	5
08-sysctl	2
09-cron	3
10-mount	2
11-command	1
12-ping	1
13-facts	2
14-shell	1
15-script	1
16-blockinfile	3
17-authorized_key	2
18-archive	3
19-fetch	1
20-get_url	2
21-uri	5
22-wait_for	1
23-fail	1
24-pause	3
25-package	15
26-git	5
27-find	3
28-systemd	4
29-config	3
30-firewall	3
31-docker	6
32-docker-compose	4
33-mysql	40
34-postgresql	27
35-podman	20
36-mongodb	28
37-yum	2
38-conditions	5
39-loops	3
40-list-vars	18
41-template-loops	3
42-handlers-roles	3
43-delegate-pre-post	3
44-includes	3
45-vars-files	3
46-blocks	2
47-check-mode	6
48-task-keys	3
49-dicts-in	3
50-templated-bools	3
51-numeric-mode	3
52-short-forms	3
53-jinja-filters	3
54-file-links	3
55-command-results	3
56-ansible-vars	3
57-assert-replace	3
58-handlers-meta	3
59-become-env	3
60-user-converge	3
61-role-files	3
62-include-role	3
63-local-action	3
64-stat-fields	3
65-include-vars-sequence	3
66-lookups-password	3
67-drift	9
68-rollback	5
69-rollback-system	22
70-play-vars-per-host	3
71-task-keyword-forms	8
72-inventory-sources	5
73-serial-fqcn	12
74-failed-host-leaves	3
75-module-args	7
76-random-timeout	9
77-run-become	4
78-unarchive-timezone	3
79-apt-repository-key	8
80-run-security-policy	2
81-template-blocks-default	3
82-interactive-without-terminal	3
83-safe-apply	7
84-group-connection-vars	2
85-managed-state	8
86-import	93
87-clanred-modules	11
88-setup	3
89-lazy-role-vars	3
90-vault	3
99-reboot	17
